Campsite,Availability
Rattlesnake,Unavailable
Beaver Tail 1,Unavailable
Beaver Tail 2,Unavailable
Bull Draw,Unavailable
Banjo Camp,Unavailable
Cottonwood 1,Unavailable
Cottonwood 2,Unavailable
Cottonwood 3,Unavailable
Cottonwood 4,Unavailable
Cottonwood 5,Unavailable
Salt Creek 1,Unavailable
Salt Creek 2,Unavailable
Fault Line 1,Unavailable
Fault Line 2,Unavailable
Mee Corner,Unavailable
Mee 1,Unavailable
Mee 2,Unavailable
Mee 3,Unavailable
Mee 4,Unavailable
Mee Canyon,Unavailable
Dog Island,Unavailable
Split Rock,Unavailable
Black Rocks 1,Unavailable
Black Rocks 2,Unavailable
Black Rocks 3,Unavailable
Black Rocks 4,Unavailable
Black Rocks 5,Unavailable
Black Rocks 6,Unavailable
Black Rocks 7,Unavailable
Black Rocks 8,Unavailable
Black Rocks 9,Unavailable
Island Camp,Unavailable
Knowles 1,Unavailable
May Flats,Unavailable
